{
  "Data": [
    {
      "Answer": {
        "Aliases": [
          "Sunset Blvd",
          "West Sunset Boulevard",
          "Sunset Boulevard",
          "Sunset Bulevard",
          "Sunset Blvd."
        ],
        "MatchedWikiEntityName": "Sunset Boulevard",
        "NormalizedAliases": [
          "west sunset boulevard",
          "sunset blvd",
          "sunset boulevard",
          "sunset bulevard"
        ],
        "NormalizedMatchedWikiEntityName": "sunset boulevard",
        "NormalizedValue": "sunset boulevard",
        "Type": "WikipediaEntity",
        "Value": "Sunset Boulevard"
      },
      "EntityPages": [
        {
          "DocSource": "TagMe",
          "Filename": "Andrew_Lloyd_Webber.txt",
          "LinkProbability": "0.02934",
          "Rho": "0.22520",
          "Title": "Andrew Lloyd Webber"
        }
      ],
      "Question": "Which Lloyd Webber musical premiered in the US on 10th December 1993?",
      "QuestionId": "tc_33",
      "QuestionSource": "http://www.triviacountry.com/",
      "SearchResults": [
        {
          "Description": "The official website for Andrew Lloyd Webber, ... from the Andrew Lloyd Webber/Jim Steinman musical Whistle ... American premiere on 9th December 1993 at the ...",
          "DisplayUrl": "www.andrewlloydwebber.com",
          "Filename": "35/35_995.txt",
          "Rank": 0,
          "Title": "Andrew Lloyd Webber | The official website for Andrew ...",
          "Url": "http://www.andrewlloydwebber.com/"
        }
      ]
    }
  ],
  "Domain": "Web",
  "VerifiedEval": false,
  "Version": 1.0
}
